[
  {
    "id": "seed-1",
    "date": "2025-10-31",
    "day": "금요일",
    "title": "미국 9월 근원 개인소비지출(PCE)",
    "category": "major",
    "tags": ["#주요이슈"],
    "link": "https://www.investing.com/",
    "source": "Investing.com",
    "desc": "미국 9월 근원 개인소비지출(PCE) 지표 발표 예정",
    "memo": "시장 변동성 확대 가능"
  },
  {
    "id": "seed-2",
    "date": "2025-11-05",
    "day": "수요일",
    "title": "바이낸스 USDT 메인터넌스",
    "category": "exchange",
    "tags": ["#거래소"],
    "link": "https://binance.com",
    "source": "Binance",
    "desc": "USDT 지갑 점검",
    "memo": "입출금 지연 가능"
  }
]

